{
    "loss": 0.4645616114139557,
    "accuracy": 0.784735381603241
}