{
    "loss": 0.5806650519371033,
    "accuracy": 0.7210919260978699
}