{
    "loss": 0.4642361104488373,
    "accuracy": 0.7777777910232544
}